{"name":"b861805f-cfee-4fcc-bd32-9866b1e45505","id":"/providers/Microsoft.Flow/flows/b861805f-cfee-4fcc-bd32-9866b1e45505","type":"Microsoft.Flow/flows","properties":{"apiId":"/providers/Microsoft.PowerApps/apis/shared_logicflows","displayName":"Convert Email to PDF - With Embedded image","definition":{"metadata":{"workflowEntityId":null,"creator":{"id":"ca3afc1d-2c2c-4038-b54b-9341dbd75793","type":"User","tenantId":"2d6e8761-108d-417e-9bb4-e7c4e5ba2e23"},"provisioningMethod":"FromDefinition","failureAlertSubscription":true,"clientLastModifiedTime":"2020-06-19T18:14:13.2208711Z"},"$schema":"https://schema.management.azure.com/providers/Microsoft.Logic/schemas/2016-06-01/workflowdefinition.json#","contentVersion":"1.0.0.0","parameters":{"$connections":{"defaultValue":{},"type":"Object"},"$authentication":{"defaultValue":{},"type":"SecureObject"}},"triggers":{"manual":{"type":"Request","kind":"Button","inputs":{"schema":{"type":"object","properties":{},"required":[]}}}},"actions":{"Get_EML_file_content":{"runAfter":{},"metadata":{"b!i2fR7azliEuwjloVc20XjW26SMG9jqlFv04RFHMV8F5nqTajSGznQJr8wNz6Rq7X.01TKMQPS2FLTF5IBNQ4BE2YNPUULLQM7M2":"/2020-06-17T17_10_18+00_00.eml","flowSystemMetadata":{"swaggerOperationId":"GetFileContent"},"b!i2fR7azliEuwjloVc20XjW26SMG9jqlFv04RFHMV8F5nqTajSGznQJr8wNz6Rq7X.01TKMQPS7QKJLPEI66ENDI47CIWEYULPIA":"/myemailfile.eml"},"type":"ApiConnection","inputs":{"host":{"connection":{"name":"@json(decodeBase64(triggerOutputs().headers['X-MS-APIM-Tokens']))['$connections']['shared_onedriveforbusiness']['connectionId']"},"api":{"runtimeUrl":"https://india-001.azure-apim.net/apim/onedriveforbusiness"}},"method":"get","path":"/datasets/default/files/@{encodeURIComponent(encodeURIComponent('b!i2fR7azliEuwjloVc20XjW26SMG9jqlFv04RFHMV8F5nqTajSGznQJr8wNz6Rq7X.01TKMQPS7QKJLPEI66ENDI47CIWEYULPIA'))}/content","queries":{"inferContentType":true},"authentication":{"type":"Raw","value":"@json(decodeBase64(triggerOutputs().headers['X-MS-APIM-Tokens']))['$ConnectionKey']"}}},"HTTP":{"runAfter":{"Compose_-_Convert_to_Base64":["Succeeded"]},"type":"Http","inputs":{"method":"POST","uri":"https://v2.convertapi.com/convert/eml/to/pdf?Secret=yoursecretkeyfromconvertapi","headers":{"Content-Type":"application/json"},"body":{"Parameters":[{"Name":"File","FileValue":{"Name":"myemailfile.eml","Data":"@{outputs('Compose_-_Convert_to_Base64')}"}}]}}},"Parse_HTTP_Convert_API_JSON_response":{"runAfter":{"HTTP":["Succeeded"]},"type":"ParseJson","inputs":{"content":"@body('HTTP')","schema":{"type":"object","properties":{"ConversionCost":{"type":"integer"},"Files":{"type":"array","items":{"type":"object","properties":{"FileName":{"type":"string"},"FileExt":{"type":"string"},"FileSize":{"type":"integer"},"FileData":{"type":"string"}},"required":["FileName","FileExt","FileSize","FileData"]}}}}}},"Apply_to_each":{"foreach":"@body('Parse_HTTP_Convert_API_JSON_response')?['Files']","actions":{"Create_file":{"runAfter":{"Compose_-_Convert_to_Binary_from_Base64":["Succeeded"]},"metadata":{"flowSystemMetadata":{"swaggerOperationId":"CreateFile"}},"type":"ApiConnection","inputs":{"host":{"connection":{"name":"@json(decodeBase64(triggerOutputs().headers['X-MS-APIM-Tokens']))['$connections']['shared_onedriveforbusiness']['connectionId']"},"api":{"runtimeUrl":"https://india-001.azure-apim.net/apim/onedriveforbusiness"}},"method":"post","body":"@outputs('Compose_-_Convert_to_Binary_from_Base64')","path":"/datasets/default/files","queries":{"folderPath":"/","name":"PDFFilefromemailwithEmbeddedImage.pdf"},"authentication":{"type":"Raw","value":"@json(decodeBase64(triggerOutputs().headers['X-MS-APIM-Tokens']))['$ConnectionKey']"}},"runtimeConfiguration":{"contentTransfer":{"transferMode":"Chunked"}}},"Compose_-_Convert_to_Binary_from_Base64":{"runAfter":{},"type":"Compose","inputs":"@base64ToBinary(items('Apply_to_each')?['FileData'])"}},"runAfter":{"Parse_HTTP_Convert_API_JSON_response":["Succeeded"]},"type":"Foreach"},"Compose_-_Convert_to_Base64":{"runAfter":{"Get_EML_file_content":["Succeeded"]},"type":"Compose","inputs":"@base64(body('Get_EML_file_content'))"}}},"connectionReferences":{"shared_onedriveforbusiness":{"connectionName":"shared-onedriveforbu-4dc61300-affc-4025-9f15-e38dd7f12854","source":"Invoker","id":"/providers/Microsoft.PowerApps/apis/shared_onedriveforbusiness","tier":"NotSpecified"}},"flowFailureAlertSubscribed":false}}