{"name":"38c8b8c4-b166-4454-99f1-fea3ffbea599","id":"/providers/Microsoft.Flow/flows/38c8b8c4-b166-4454-99f1-fea3ffbea599","type":"Microsoft.Flow/flows","properties":{"apiId":"/providers/Microsoft.PowerApps/apis/shared_logicflows","displayName":"ExtractImageURL","definition":{"metadata":{"workflowEntityId":null,"creator":{"id":"ca3afc1d-2c2c-4038-b54b-9341dbd75793","type":"User","tenantId":"2d6e8761-108d-417e-9bb4-e7c4e5ba2e23"},"provisioningMethod":"FromDefinition","failureAlertSubscription":true,"clientLastModifiedTime":"2020-07-12T15:20:10.4402961Z"},"$schema":"https://schema.management.azure.com/providers/Microsoft.Logic/schemas/2016-06-01/workflowdefinition.json#","contentVersion":"1.0.0.0","parameters":{"$connections":{"defaultValue":{},"type":"Object"},"$authentication":{"defaultValue":{},"type":"SecureObject"}},"triggers":{"When_an_item_is_created":{"recurrence":{"frequency":"Minute","interval":3},"splitOn":"@triggerBody()?['value']","metadata":{"flowSystemMetadata":{"swaggerOperationId":"GetOnNewItems"}},"type":"ApiConnection","inputs":{"host":{"connection":{"name":"@parameters('$connections')['shared_sharepointonline']['connectionId']"},"api":{"runtimeUrl":"https://india-001.azure-apim.net/apim/sharepointonline"}},"method":"get","path":"/datasets/@{encodeURIComponent(encodeURIComponent('https://mydevashiq.sharepoint.com/sites/COS'))}/tables/@{encodeURIComponent(encodeURIComponent('52da314b-8c01-44ab-b5b2-979764bc4125'))}/onnewitems","authentication":"@parameters('$authentication')"}}},"actions":{"Get_attachments":{"runAfter":{},"metadata":{"flowSystemMetadata":{"swaggerOperationId":"GetItemAttachments"}},"type":"ApiConnection","inputs":{"host":{"connection":{"name":"@parameters('$connections')['shared_sharepointonline']['connectionId']"},"api":{"runtimeUrl":"https://india-001.azure-apim.net/apim/sharepointonline"}},"method":"get","path":"/datasets/@{encodeURIComponent(encodeURIComponent('https://mydevashiq.sharepoint.com/sites/COS'))}/tables/@{encodeURIComponent(encodeURIComponent('52da314b-8c01-44ab-b5b2-979764bc4125'))}/items/@{encodeURIComponent(encodeURIComponent(triggerBody()?['ID']))}/attachments","authentication":"@parameters('$authentication')"}},"Send_an_HTTP_request_to_SharePoint":{"runAfter":{"Get_attachments":["Succeeded"]},"metadata":{"flowSystemMetadata":{"swaggerOperationId":"HttpRequest"}},"type":"ApiConnection","inputs":{"host":{"connection":{"name":"@parameters('$connections')['shared_sharepointonline']['connectionId']"},"api":{"runtimeUrl":"https://india-001.azure-apim.net/apim/sharepointonline"}},"method":"post","body":{"method":"POST","uri":"_api/lists/getbytitle('ProductInformation')/items(@{triggerBody()?['ID']})","headers":{"Content-Type":"application/json;odata=verbose","X-HTTP-Method":"MERGE","If-Match":"*"},"body":"{\n  \"__metadata\": {\n    \"type\": \"SP.Data.ProductInformationListItem\"\n  },\n  \"ProductPhotoHL\": \n   {\n     \"Description\":\"Picture Description\",\n     \"Url\":\"@{first(body('Get_attachments'))?['AbsoluteUri']}\"\n   },\n \"ProductPhotoPic\": \n   {\n     \"Description\":\"Picture Hyperlink\",\n     \"Url\":\"@{first(body('Get_attachments'))?['AbsoluteUri']}\"\n   }\n}"},"path":"/datasets/@{encodeURIComponent(encodeURIComponent('https://mydevashiq.sharepoint.com/sites/COS'))}/httprequest","authentication":"@parameters('$authentication')"}}}},"connectionReferences":{"shared_sharepointonline":{"connectionName":"6ad6b9bdac2d4e2ea7eabec11cc6bc4c","source":"Embedded","id":"/providers/Microsoft.PowerApps/apis/shared_sharepointonline","tier":"NotSpecified"}},"flowFailureAlertSubscribed":false}}