{"name":"863a0377-2b0e-4835-bb95-88fa7545a773","id":"/providers/Microsoft.Flow/flows/863a0377-2b0e-4835-bb95-88fa7545a773","type":"Microsoft.Flow/flows","properties":{"apiId":"/providers/Microsoft.PowerApps/apis/shared_logicflows","displayName":"Philips Hue - Refresh Token","definition":{"metadata":{"workflowEntityId":null,"processAdvisorMetadata":null,"flowclientsuspensionreason":"None","flowclientsuspensiontime":null,"creator":{"id":"ba2a6c91-be00-417b-9c5d-f561df7848a8","type":"User","tenantId":"48903ead-8f31-492e-9a81-d53e0c287998"},"provisioningMethod":"FromDefinition","failureAlertSubscription":true,"clientLastModifiedTime":"2021-06-24T20:18:33.3723131Z"},"$schema":"https://schema.management.azure.com/providers/Microsoft.Logic/schemas/2016-06-01/workflowdefinition.json#","contentVersion":"1.0.0.0","parameters":{"$connections":{"defaultValue":{},"type":"Object"},"$authentication":{"defaultValue":{},"type":"SecureObject"}},"triggers":{"Recurrence":{"recurrence":{"frequency":"Day","interval":6,"startTime":"2021-06-24T08:00:00.000Z"},"type":"Recurrence"}},"actions":{"Get_items_-_Config_List":{"runAfter":{},"type":"OpenApiConnection","inputs":{"host":{"apiId":"/providers/Microsoft.PowerApps/apis/shared_sharepointonline","connectionName":"shared_sharepointonline","operationId":"GetItems"},"parameters":{"dataset":"https://m365pal.sharepoint.com/sites/Automation","table":"3f716c5c-ceda-4ce7-ba6c-dfa1d3d5ddb4"},"authentication":"@parameters('$authentication')"}},"Apply_to_each_-_Get_config_values":{"foreach":"@outputs('Get_items_-_Config_List')?['body/value']","actions":{"Switch":{"runAfter":{},"cases":{"Case-Refresh_Token":{"case":"refreshToken","actions":{"Set_variable_-_Refresh_Token":{"runAfter":{},"type":"SetVariable","inputs":{"name":"RefreshToken","value":"@items('Apply_to_each_-_Get_config_values')?['value']"}},"Set_variable_-_Refresh_Token_Item_Id":{"runAfter":{"Set_variable_-_Refresh_Token":["Succeeded"]},"type":"SetVariable","inputs":{"name":"RefreshTokenItemId","value":"@items('Apply_to_each_-_Get_config_values')?['ID']"}}}},"Case-Access_Token":{"case":"accessToken","actions":{"Set_variable_-_Access_Token_Item_Id":{"runAfter":{},"type":"SetVariable","inputs":{"name":"AccessTokenItemId","value":"@items('Apply_to_each_-_Get_config_values')?['ID']"}}}},"Case-Client_Id":{"case":"clientId","actions":{"Set_variable_-_Client_Id":{"runAfter":{},"type":"SetVariable","inputs":{"name":"ClientId","value":"@items('Apply_to_each_-_Get_config_values')?['value']"}}}},"Case-Client_Secret":{"case":"clientSecret","actions":{"Set_variable_-_Client_Secret":{"runAfter":{},"type":"SetVariable","inputs":{"name":"ClientSecret","value":"@items('Apply_to_each_-_Get_config_values')?['value']"}}}}},"default":{"actions":{}},"expression":"@items('Apply_to_each_-_Get_config_values')?['Title']","type":"Switch"}},"runAfter":{"Initialize_variable_-_Client_Secret":["Succeeded"]},"type":"Foreach"},"Initialize_variable_-_Refresh_Token":{"runAfter":{"Get_items_-_Config_List":["Succeeded"]},"type":"InitializeVariable","inputs":{"variables":[{"name":"RefreshToken","type":"string"}]}},"Initialize_variable_-_Refresh_Token_Item_Id":{"runAfter":{"Initialize_variable_-_Refresh_Token":["Succeeded"]},"type":"InitializeVariable","inputs":{"variables":[{"name":"RefreshTokenItemId","type":"integer"}]}},"Initialize_variable_-_Access_Token_Item_Id":{"runAfter":{"Initialize_variable_-_Refresh_Token_Item_Id":["Succeeded"]},"type":"InitializeVariable","inputs":{"variables":[{"name":"AccessTokenItemId","type":"integer"}]}},"HTTP_-_Refresh_the_Token":{"runAfter":{"Apply_to_each_-_Get_config_values":["Succeeded"]},"type":"Http","inputs":{"method":"POST","uri":"https://api.meethue.com/oauth2/refresh?grant_type=refresh_token","headers":{"Content-Type":"application/x-www-form-urlencoded"},"body":"refresh_token=@{variables('RefreshToken')}","authentication":{"type":"Basic","username":"@variables('ClientId')","password":"@variables('ClientSecret')"}}},"Initialize_variable_-_Client_Id":{"runAfter":{"Initialize_variable_-_Access_Token_Item_Id":["Succeeded"]},"type":"InitializeVariable","inputs":{"variables":[{"name":"ClientId","type":"string"}]}},"Initialize_variable_-_Client_Secret":{"runAfter":{"Initialize_variable_-_Client_Id":["Succeeded"]},"type":"InitializeVariable","inputs":{"variables":[{"name":"ClientSecret","type":"string"}]}},"Parse_JSON_-_New_Token_Values":{"runAfter":{"HTTP_-_Refresh_the_Token":["Succeeded"]},"type":"ParseJson","inputs":{"content":"@body('HTTP_-_Refresh_the_Token')","schema":{"type":"object","properties":{"access_token":{"type":"string"},"access_token_expires_in":{"type":"string"},"refresh_token":{"type":"string"},"refresh_token_expires_in":{"type":"string"},"token_type":{"type":"string"}}}}},"Update_item_-_Access_Token":{"runAfter":{"Parse_JSON_-_New_Token_Values":["Succeeded"]},"type":"OpenApiConnection","inputs":{"host":{"apiId":"/providers/Microsoft.PowerApps/apis/shared_sharepointonline","connectionName":"shared_sharepointonline","operationId":"PatchItem"},"parameters":{"dataset":"https://m365pal.sharepoint.com/sites/Automation","table":"3f716c5c-ceda-4ce7-ba6c-dfa1d3d5ddb4","id":"@variables('AccessTokenItemId')","item/Title":"accessToken","item/value":"@body('Parse_JSON_-_New_Token_Values')?['access_token']"},"authentication":"@parameters('$authentication')"}},"Update_item_-_Refresh_Token":{"runAfter":{"Update_item_-_Access_Token":["Succeeded"]},"type":"OpenApiConnection","inputs":{"host":{"apiId":"/providers/Microsoft.PowerApps/apis/shared_sharepointonline","connectionName":"shared_sharepointonline","operationId":"PatchItem"},"parameters":{"dataset":"https://m365pal.sharepoint.com/sites/Automation","table":"3f716c5c-ceda-4ce7-ba6c-dfa1d3d5ddb4","id":"@variables('RefreshTokenItemId')","item/Title":"refreshToken","item/value":"@body('Parse_JSON_-_New_Token_Values')?['refresh_token']"},"authentication":"@parameters('$authentication')"}}}},"connectionReferences":{"shared_sharepointonline":{"connectionName":"shared-sharepointonl-8c354181-9246-43d5-9898-a6790b725a89","source":"Embedded","id":"/providers/Microsoft.PowerApps/apis/shared_sharepointonline","tier":"NotSpecified"}},"flowFailureAlertSubscribed":false}}