{"name":"753f06df-48ee-4671-9d30-3bceb16c0268","id":"/providers/Microsoft.Flow/flows/753f06df-48ee-4671-9d30-3bceb16c0268","type":"Microsoft.Flow/flows","properties":{"apiId":"/providers/Microsoft.PowerApps/apis/shared_logicflows","displayName":"Convert Email to PDF - Without Embedded image","definition":{"metadata":{"workflowEntityId":null,"creator":{"id":"ca3afc1d-2c2c-4038-b54b-9341dbd75793","type":"User","tenantId":"2d6e8761-108d-417e-9bb4-e7c4e5ba2e23"},"provisioningMethod":"FromDefinition","failureAlertSubscription":true,"clientLastModifiedTime":"2020-06-19T12:59:06.4707452Z"},"$schema":"https://schema.management.azure.com/providers/Microsoft.Logic/schemas/2016-06-01/workflowdefinition.json#","contentVersion":"1.0.0.0","parameters":{"$connections":{"defaultValue":{},"type":"Object"},"$authentication":{"defaultValue":{},"type":"SecureObject"}},"triggers":{"When_a_new_email_arrives_(V3)":{"splitOn":"@triggerBody()?['value']","metadata":{"flowSystemMetadata":{"swaggerOperationId":"OnNewEmailV3"}},"type":"ApiConnectionNotification","inputs":{"host":{"connection":{"name":"@parameters('$connections')['shared_office365']['connectionId']"},"api":{"runtimeUrl":"https://india-001.azure-apim.net/apim/office365"}},"fetch":{"queries":{"folderPath":"Inbox","to":"ashiqf@mydevashiq.onmicrosoft.com","from":"ashiqf@mydevashiq.onmicrosoft.com","importance":"Any","fetchOnlyWithAttachment":false,"includeAttachments":false},"pathTemplate":{"template":"/v3/Mail/OnNewEmail"},"method":"get"},"subscribe":{"queries":{"folderPath":"Inbox","importance":"Any","fetchOnlyWithAttachment":false},"body":{"NotificationUrl":"@{listCallbackUrl()}"},"pathTemplate":{"template":"/GraphMailSubscriptionPoke/$subscriptions"},"method":"post"},"authentication":"@parameters('$authentication')"}}},"actions":{"Export_email_(V2)":{"runAfter":{},"metadata":{"flowSystemMetadata":{"swaggerOperationId":"ExportEmail_V2"}},"type":"ApiConnection","inputs":{"host":{"connection":{"name":"@parameters('$connections')['shared_office365']['connectionId']"},"api":{"runtimeUrl":"https://india-001.azure-apim.net/apim/office365"}},"method":"get","path":"/codeless/beta/me/messages/@{encodeURIComponent(triggerBody()?['id'])}/$value","authentication":"@parameters('$authentication')"}},"Create_EML_file":{"runAfter":{"Export_email_(V2)":["Succeeded"]},"metadata":{"flowSystemMetadata":{"swaggerOperationId":"CreateFile"}},"type":"ApiConnection","inputs":{"host":{"connection":{"name":"@parameters('$connections')['shared_onedriveforbusiness']['connectionId']"},"api":{"runtimeUrl":"https://india-001.azure-apim.net/apim/onedriveforbusiness"}},"method":"post","body":"@body('Export_email_(V2)')","path":"/datasets/default/files","queries":{"folderPath":"/","name":"myemailfile.eml"},"authentication":"@parameters('$authentication')"},"runtimeConfiguration":{"contentTransfer":{"transferMode":"Chunked"}}},"Convert_file":{"runAfter":{"Create_EML_file":["Succeeded"]},"metadata":{"flowSystemMetadata":{"swaggerOperationId":"ConvertFile"}},"type":"ApiConnection","inputs":{"host":{"connection":{"name":"@parameters('$connections')['shared_onedriveforbusiness']['connectionId']"},"api":{"runtimeUrl":"https://india-001.azure-apim.net/apim/onedriveforbusiness"}},"method":"get","path":"/datasets/default/files/@{encodeURIComponent(encodeURIComponent(body('Create_EML_file')?['Id']))}/convert","queries":{"type":"PDF"},"authentication":"@parameters('$authentication')"}},"Create_PDF_file_in_OneDrive":{"runAfter":{"Convert_file":["Succeeded"]},"metadata":{"flowSystemMetadata":{"swaggerOperationId":"CreateFile"}},"type":"ApiConnection","inputs":{"host":{"connection":{"name":"@parameters('$connections')['shared_onedriveforbusiness']['connectionId']"},"api":{"runtimeUrl":"https://india-001.azure-apim.net/apim/onedriveforbusiness"}},"method":"post","body":"@body('Convert_file')","path":"/datasets/default/files","queries":{"folderPath":"/","name":"myemailinPDFformat.pdf"},"authentication":"@parameters('$authentication')"},"runtimeConfiguration":{"contentTransfer":{"transferMode":"Chunked"}}}}},"connectionReferences":{"shared_office365":{"connectionName":"shared-office365-b5074321-ba6d-413d-bf8c-7dc8b6a7e188","source":"Embedded","id":"/providers/Microsoft.PowerApps/apis/shared_office365","tier":"NotSpecified"},"shared_onedriveforbusiness":{"connectionName":"shared-onedriveforbu-4dc61300-affc-4025-9f15-e38dd7f12854","source":"Embedded","id":"/providers/Microsoft.PowerApps/apis/shared_onedriveforbusiness","tier":"NotSpecified"}},"flowFailureAlertSubscribed":false}}