{"name":"92ec28b1-1ff4-4ed4-a6e0-518821260739","id":"/providers/Microsoft.Flow/flows/92ec28b1-1ff4-4ed4-a6e0-518821260739","type":"Microsoft.Flow/flows","properties":{"apiId":"/providers/Microsoft.PowerApps/apis/shared_logicflows","displayName":"Post Notification on new news post creation - Communication site","definition":{"metadata":{"workflowEntityId":null,"processAdvisorMetadata":null,"flowclientsuspensionreason":"None","flowclientsuspensiontime":null,"creator":{"id":"ba2a6c91-be00-417b-9c5d-f561df7848a8","type":"User","tenantId":"48903ead-8f31-492e-9a81-d53e0c287998"},"provisioningMethod":"FromDefinition","failureAlertSubscription":true,"clientLastModifiedTime":"2022-02-16T20:02:04.2200622Z"},"$schema":"https://schema.management.azure.com/providers/Microsoft.Logic/schemas/2016-06-01/workflowdefinition.json#","contentVersion":"1.0.0.0","parameters":{"$connections":{"defaultValue":{},"type":"Object"},"$authentication":{"defaultValue":{},"type":"SecureObject"}},"triggers":{"When_an_item_is_created_or_modified":{"recurrence":{"frequency":"Minute","interval":1},"splitOn":"@triggerOutputs()?['body/value']","metadata":{"operationMetadataId":"7ae5deb8-e65c-4cb8-9355-751d7ae27db7"},"type":"OpenApiConnection","inputs":{"host":{"apiId":"/providers/Microsoft.PowerApps/apis/shared_sharepointonline","connectionName":"shared_sharepointonline","operationId":"GetOnUpdatedItems"},"parameters":{"dataset":"https://m365pal.sharepoint.com/sites/BlogSite","table":"3f15cd22-86a0-4875-b050-b5b8b3d35141"},"authentication":"@parameters('$authentication')"},"conditions":[{"expression":"@and(equals(triggerOutputs()?['body/PromotedState'],2),contains(triggerOutputs()?['body/{VersionNumber}'],'1.0'))"}]}},"actions":{"Post_adaptive_card_in_a_chat_or_channel":{"runAfter":{"Compose-Base64ProfilePic":["Succeeded"]},"metadata":{"operationMetadataId":"a99002fd-dd0a-4682-b2ce-cb40f29567e5"},"type":"OpenApiConnection","inputs":{"host":{"apiId":"/providers/Microsoft.PowerApps/apis/shared_teams","connectionName":"shared_teams","operationId":"PostCardToConversation"},"parameters":{"poster":"Flow bot","location":"Channel","body/recipient/groupId":"40b1063a-8c2b-416f-b617-fcbded973939","body/recipient/channelId":"19:9aeb465920484132afd4c3e082c86d2c@thread.tacv2","body/messageBody":"{\n    \"type\": \"AdaptiveCard\",\n    \"$schema\": \"http://adaptivecards.io/schemas/adaptive-card.json\",\n    \"version\": \"1.3\",\n\"msTeams\": {\n          \"width\": \"full\"\n        },\n    \"body\": [\n        {\n            \"type\": \"ColumnSet\",\n            \"columns\": [\n                {\n                    \"type\": \"Column\",\n                    \"width\": \"auto\",\n                    \"items\": [\n                        {\n                            \"type\": \"Image\",\n                            \"url\": \"@{triggerOutputs()?['body/BannerImageUrl']}\",\n                            \"size\": \"auto\"\n                        }\n                    ]\n                },\n                {\n                    \"type\": \"Column\",\n                    \"width\": \"auto\",\n                    \"items\": [\n                        {\n                            \"type\": \"TextBlock\",\n                            \"text\": \"@{triggerOutputs()?['body/Title']}\",\n                            \"wrap\": true,\n                            \"weight\": \"Bolder\",\n                            \"size\": \"Medium\"\n                        },\n                        {\n                            \"type\": \"TextBlock\",\n                            \"text\": \"@{triggerOutputs()?['body/Description']}\",\n                            \"wrap\": true\n                        }\n                    ],\n                    \"verticalContentAlignment\": \"Top\"\n                }\n            ]\n        },\n        {\n            \"type\": \"ColumnSet\",\n            \"columns\": [\n                {\n                    \"type\": \"Column\",\n                    \"width\": \"auto\",\n                    \"items\": [\n                        {\n                            \"type\": \"Image\",\n                            \"url\": \"@{outputs('Compose-Base64ProfilePic')}\",\n                            \"size\": \"Small\",\n                            \"style\": \"Person\"\n                        }\n                    ]\n                },\n                {\n                    \"type\": \"Column\",\n                    \"width\": \"stretch\",\n                    \"items\": [\n                        {\n                            \"type\": \"TextBlock\",\n                            \"text\": \"@{triggerOutputs()?['body/Author/DisplayName']}\",\n                            \"wrap\": true,\n                            \"weight\": \"Bolder\"\n                        },\n                        {\n                            \"type\": \"TextBlock\",\n                            \"text\": \"@{formatDateTime(triggerOutputs()?['body/Created'], 'g')}\",\n                            \"wrap\": true,\n                            \"spacing\": \"None\",\n                            \"isSubtle\": true\n                        }\n                    ]\n                }\n            ]\n        },\n        {\n            \"type\": \"ActionSet\",\n            \"actions\": [\n                {\n                    \"type\": \"Action.OpenUrl\",\n                    \"title\": \"View News Post\",\n                    \"url\": \"@{outputs('Compose-StageViewURL-Encoded')}\"\n                }\n            ]\n        }\n    ]\n}"},"authentication":"@parameters('$authentication')"}},"Compose-StageViewURL":{"runAfter":{"Compose-SiteUrl":["Succeeded"]},"metadata":{"operationMetadataId":"5c5491c1-94bd-4f73-a200-adfae950e080"},"type":"Compose","inputs":{"contentUrl":"@{triggerOutputs()?['body/{Link}']}","websiteUrl":"@{triggerOutputs()?['body/{Link}']}","name":"Internal News"}},"Compose-StageViewURL-Encoded":{"runAfter":{"Compose-StageViewURL":["Succeeded"]},"metadata":{"operationMetadataId":"b3b2ddfb-e64a-443e-b5da-e4c8fff18695"},"type":"Compose","inputs":"https://teams.microsoft.com/l/stage/2a527703-1f6f-4559-a332-d8a7d288cd88/0?context=@{encodeUriComponent(outputs('Compose-StageViewURL'))}"},"Compose-SiteUrl":{"runAfter":{},"metadata":{"operationMetadataId":"5227d910-fb6f-40fe-a389-2f35e124a208"},"type":"Compose","inputs":"@split(triggerOutputs()?['body/{Link}'],triggerOutputs()?['body/{FullPath}'])[0]"},"Get_user_photo_(V2)":{"runAfter":{"Compose-StageViewURL-Encoded":["Succeeded"]},"metadata":{"operationMetadataId":"6df31983-fda6-42fc-9175-13c44f31c410"},"type":"OpenApiConnection","inputs":{"host":{"apiId":"/providers/Microsoft.PowerApps/apis/shared_office365users","connectionName":"shared_office365users","operationId":"UserPhoto_V2"},"parameters":{"id":"@triggerOutputs()?['body/Author/Email']"},"authentication":"@parameters('$authentication')"}},"Compose-Base64ProfilePic":{"runAfter":{"Get_user_photo_(V2)":["Succeeded"]},"metadata":{"operationMetadataId":"a787441b-9ecf-4ab7-8030-e96e98d0ef80"},"type":"Compose","inputs":"@concat('data:',body('Get_user_photo_(V2)')?['$content-type'],';base64,',body('Get_user_photo_(V2)')?['$content'])"}}},"connectionReferences":{"shared_teams":{"connectionName":"shared-teams-72b324c7-dd5a-43f4-9f83-acc4fb729846","source":"Embedded","id":"/providers/Microsoft.PowerApps/apis/shared_teams","tier":"NotSpecified"},"shared_office365users":{"connectionName":"55a65afd5b2946a9839cf935907649bc","source":"Embedded","id":"/providers/Microsoft.PowerApps/apis/shared_office365users","tier":"NotSpecified"},"shared_sharepointonline":{"connectionName":"a271ad4cfbfd43c682d1780b78704ef1","source":"Embedded","id":"/providers/Microsoft.PowerApps/apis/shared_sharepointonline","tier":"NotSpecified"}},"flowFailureAlertSubscribed":false}}