{"name":"f3e3dda2-7819-4a74-ab00-999c204a6722","id":"/providers/Microsoft.Flow/flows/f3e3dda2-7819-4a74-ab00-999c204a6722","type":"Microsoft.Flow/flows","properties":{"apiId":"/providers/Microsoft.PowerApps/apis/shared_logicflows","displayName":"CreateDLPPolicy","definition":{"metadata":{"workflowEntityId":null,"processAdvisorMetadata":null,"flowclientsuspensionreason":"None","flowclientsuspensiontime":null,"flowclientsuspensionreasondetails":null,"creator":{"id":"0b741adb-c912-480a-9712-5c0632a2943b","type":"User","tenantId":"8d09c79f-07c7-4e74-a147-1f3c66e794b4"},"provisioningMethod":"FromDefinition","failureAlertSubscription":true,"clientLastModifiedTime":"2023-03-11T15:40:20.3194693Z"},"$schema":"https://schema.management.azure.com/providers/Microsoft.Logic/schemas/2016-06-01/workflowdefinition.json#","contentVersion":"1.0.0.0","parameters":{"$connections":{"defaultValue":{},"type":"Object"},"$authentication":{"defaultValue":{},"type":"SecureObject"}},"triggers":{"manual":{"metadata":{"operationMetadataId":"4d8a815b-7638-4387-9bfc-1851769b1c71"},"type":"Request","kind":"Button","inputs":{"schema":{"type":"object","properties":{"text":{"title":"Existing DLP Policy Name","type":"string","x-ms-dynamically-added":true,"description":"Please enter the name of the existing DLP Policy name","x-ms-content-hint":"TEXT"},"text_1":{"title":"New DLP Policy Name","type":"string","x-ms-dynamically-added":true,"description":"Please enter your new DLP Policy name","x-ms-content-hint":"TEXT"}},"required":["text","text_1"]}}}},"actions":{"List_DLP_Policies_V2":{"runAfter":{},"metadata":{"operationMetadataId":"d78c40ae-a5e3-42f4-9dc4-cc2c7fb1c763"},"type":"OpenApiConnection","inputs":{"host":{"apiId":"/providers/Microsoft.PowerApps/apis/shared_powerplatformforadmins","connectionName":"shared_powerplatformforadmins","operationId":"ListPoliciesV2"},"parameters":{},"authentication":{"value":"@json(decodeBase64(triggerOutputs().headers['X-MS-APIM-Tokens']))['$ConnectionKey']","type":"Raw"}}},"Filter_array":{"runAfter":{"List_DLP_Policies_V2":["Succeeded"]},"metadata":{"operationMetadataId":"84223fe8-8df5-4da3-a4df-01211f1b0380"},"type":"Query","inputs":{"from":"@outputs('List_DLP_Policies_V2')?['body/value']","where":"@equals(item()?['displayName'], triggerBody()['text'])"}},"Create_DLP_Policy_V2":{"runAfter":{"Filter_array":["Succeeded"]},"metadata":{"operationMetadataId":"fb4e1fe5-30f3-4e9b-9ea4-15d6e2ed9700"},"type":"OpenApiConnection","inputs":{"host":{"apiId":"/providers/Microsoft.PowerApps/apis/shared_powerplatformforadmins","connectionName":"shared_powerplatformforadmins","operationId":"CreatePolicyV2"},"parameters":{"body/displayName":"@triggerBody()['text_1']","body/defaultConnectorsClassification":"@body('Filter_array')[0]['defaultConnectorsClassification']","body/connectorGroups":"@body('Filter_array')[0]['connectorGroups']","body/environmentType":"@body('Filter_array')[0]['environmentType']","body/environments":"@body('Filter_array')[0]['environments']"},"authentication":{"value":"@json(decodeBase64(triggerOutputs().headers['X-MS-APIM-Tokens']))['$ConnectionKey']","type":"Raw"}}}}},"connectionReferences":{"shared_powerplatformforadmins":{"connectionName":"13bf965d16334ea78cc87cb8a4c82153","source":"Invoker","id":"/providers/Microsoft.PowerApps/apis/shared_powerplatformforadmins","tier":"NotSpecified"}},"flowFailureAlertSubscribed":false,"isManaged":false}}